Ano;Municípios; Homicídio  Doloso;Total de vítimas de Homicidio Doloso; Latrocínio; Furtos;Abigeato*;Furto de Veículo ; Roubos; Roubo de Veículo; Estelionato; Delitos Relacionados à Armas e Munições; Entorpecentes - Posse; Entorpecentes - Tráfico;Vítimas de Latrocínio;
2019;ACEGUA;0;0;0;25;8;0;1;1;4;1;0;0;0;
2019;AGUA SANTA;0;0;0;26;5;1;1;0;1;3;1;0;0;
2019;AGUDO;0;0;0;95;4;5;3;0;23;6;5;7;0;
2019;AJURICABA;0;0;0;26;4;1;2;0;7;6;12;1;0;
2019;ALECRIM;1;1;0;27;10;3;1;0;13;8;4;3;0;
2019;ALEGRETE;5;5;0;814;100;15;124;4;142;37;70;77;0;
2019;ALEGRIA;1;1;0;20;4;3;0;0;4;2;0;0;0;
2019;ALMIRANTE TAMANDARE DO SUL;0;0;0;18;3;1;1;1;2;2;0;0;0;
2019;ALPESTRE;1;1;0;59;24;1;1;0;2;7;1;0;0;
2019;ALTO ALEGRE;0;0;0;10;5;1;0;0;1;2;0;0;0;
2019;ALTO FELIZ;0;0;0;6;0;0;2;0;2;1;0;0;0;
2019;ALVORADA;82;92;2;1461;23;258;3164;612;389;89;124;344;2;
2019;AMARAL FERRADOR;1;1;0;24;4;3;3;0;6;2;0;2;0;
2019;AMETISTA DO SUL;1;1;0;36;4;8;3;0;2;5;16;1;0;
2019;ANDRE DA ROCHA;0;0;0;15;7;0;0;0;3;2;1;0;0;
2019;ANTA GORDA;0;0;0;46;5;3;3;1;6;2;0;0;0;
2019;ANTONIO PRADO;0;0;0;105;5;6;10;4;30;4;11;15;0;
2019;ARAMBARE;0;0;0;64;12;0;7;0;4;3;4;3;0;
2019;ARARICA;0;0;0;40;1;1;6;5;5;6;11;7;0;
2019;ARATIBA;0;0;0;23;2;1;1;0;7;7;2;0;0;
2019;ARROIO DO MEIO;2;3;0;122;3;5;18;8;40;4;39;12;0;
2019;ARROIO DO PADRE;0;0;0;5;2;1;2;0;1;1;1;0;0;
2019;ARROIO DO SAL;1;1;0;407;9;13;18;6;42;7;34;20;0;
2019;ARROIO DO TIGRE;1;1;1;157;14;12;6;3;8;10;2;4;1;
2019;ARROIO DOS RATOS;0;0;0;92;8;6;15;4;17;6;65;25;0;
2019;ARROIO GRANDE;1;1;0;214;45;10;16;2;26;9;8;32;0;
2019;ARVOREZINHA;2;2;0;64;5;4;6;0;6;4;9;1;0;
2019;AUGUSTO PESTANA;0;0;0;36;3;2;1;0;8;1;1;0;0;
2019;AUREA;1;1;0;12;1;2;0;0;7;1;2;1;0;
2019;BAGE;13;13;0;1367;136;69;302;7;207;71;178;182;0;
2019;BALNEARIO PINHAL;6;6;0;271;7;20;57;6;49;5;17;37;0;
2019;BARAO;0;0;0;14;1;1;1;0;15;0;2;1;0;
2019;BARAO DE COTEGIPE;0;0;0;63;3;1;5;0;13;4;2;1;0;
2019;BARAO DO TRIUNFO;0;0;0;34;7;5;2;0;5;4;2;4;0;
2019;BARRA DO GUARITA;2;2;0;22;1;1;1;0;2;7;3;2;0;
2019;BARRA DO QUARAI;0;0;0;96;41;4;6;0;6;6;5;4;0;
2019;BARRA DO RIBEIRO;1;1;0;144;13;2;25;2;16;13;28;15;0;
2019;BARRA DO RIO AZUL;0;0;0;4;0;0;0;0;1;0;0;0;0;
2019;BARRA FUNDA;0;0;0;17;3;1;1;0;5;1;0;0;0;
2019;BARRACAO;0;0;0;56;9;0;1;0;7;8;2;0;0;
2019;BARROS CASSAL;1;1;0;144;32;5;5;1;14;8;5;3;0;
2019;BENJAMIN CONSTANT DO SUL;2;2;0;5;1;0;0;0;0;0;0;0;0;
2019;BENTO GONCALVES;37;44;1;802;6;151;233;32;411;62;147;110;1;
2019;BOA VISTA DAS MISSOES;0;0;0;14;5;4;1;1;0;2;1;0;0;
2019;BOA VISTA DO BURICA;1;1;0;26;2;0;1;0;8;2;1;0;0;
2019;BOA VISTA DO CADEADO;0;0;0;18;5;0;3;1;4;1;0;0;0;
2019;BOA VISTA DO INCRA;0;0;0;21;9;2;0;0;0;1;0;0;0;
2019;BOA VISTA DO SUL;0;0;0;11;2;0;1;0;6;2;0;0;0;
2019;BOM JESUS;7;8;1;157;23;3;8;1;13;9;32;9;1;
2019;BOM PRINCIPIO;0;0;0;88;2;9;6;2;28;4;48;16;0;
2019;BOM PROGRESSO;2;2;0;9;1;0;0;0;2;1;0;1;0;
2019;BOM RETIRO DO SUL;1;1;0;64;7;6;9;5;17;3;51;12;0;
2019;BOQUEIRAO DO LEAO;0;0;0;66;3;7;4;0;4;3;2;1;0;
2019;BOSSOROCA;1;2;0;54;20;0;3;0;4;4;5;1;0;
2019;BOZANO;0;0;0;9;3;0;1;0;0;0;1;1;0;
2019;BRAGA;0;0;0;22;10;3;0;0;2;1;0;0;0;
2019;BROCHIER;1;1;0;24;0;1;11;0;8;3;1;2;0;
2019;BUTIA;6;7;0;218;27;5;52;0;27;24;81;32;0;
2019;CACAPAVA DO SUL;4;4;1;389;45;15;21;1;36;30;103;36;1;
2019;CACEQUI;1;1;0;172;59;0;17;0;12;11;19;5;0;
2019;CACHOEIRA DO SUL;4;4;0;826;57;88;128;6;93;41;148;98;0;
2019;CACHOEIRINHA;24;24;0;1376;6;214;1399;226;430;52;224;236;0;
2019;CACIQUE DOBLE;0;0;0;19;1;1;1;0;1;3;2;1;0;
2019;CAIBATE;1;1;0;16;1;1;1;0;7;4;0;0;0;
2019;CAICARA;1;1;0;43;4;3;3;0;4;3;3;0;0;
2019;CAMAQUA;6;6;0;797;43;63;112;9;122;48;82;70;0;
2019;CAMARGO;0;0;0;12;0;1;1;0;1;1;2;1;0;
2019;CAMBARA DO SUL;0;0;0;35;12;5;1;0;9;8;1;2;0;
2019;CAMPESTRE DA SERRA;1;1;0;39;5;0;1;1;3;4;3;0;0;
2019;CAMPINA DAS MISSOES;1;1;0;14;0;3;0;0;3;2;2;1;0;
2019;CAMPINAS DO SUL;0;0;0;85;0;3;0;0;6;3;8;1;0;
2019;CAMPO BOM;10;10;0;741;1;112;285;96;191;11;71;23;0;
2019;CAMPO NOVO;0;0;0;49;5;2;1;1;4;7;11;6;0;
2019;CAMPOS BORGES;0;0;0;16;3;3;0;0;2;0;7;1;0;
2019;CANDELARIA;9;9;0;268;29;13;36;10;41;32;16;1;0;
2019;CANDIDO GODOI;0;0;0;11;0;2;0;0;6;1;0;0;0;
2019;CANDIOTA;1;1;0;111;23;6;11;0;18;6;1;6;0;
2019;CANELA;10;11;0;503;4;18;60;1;132;30;175;84;0;
2019;CANGUCU;8;9;0;332;91;16;44;2;34;27;6;24;0;
2019;CANOAS;59;63;1;3800;20;653;3918;685;950;161;624;627;1;
2019;CANUDOS DO VALE;0;0;0;6;1;0;0;0;0;1;0;0;0;
2019;CAPAO BONITO DO SUL;0;0;0;25;7;1;1;1;2;2;1;0;0;
2019;CAPAO DA CANOA;11;11;0;1060;6;88;233;19;268;36;64;125;0;
2019;CAPAO DO CIPO;0;0;0;19;13;0;1;0;2;3;0;0;0;
2019;CAPAO DO LEAO;4;5;0;185;20;12;31;3;27;8;4;7;0;
2019;CAPELA DE SANTANA;3;4;0;49;11;11;17;7;17;2;15;13;0;
2019;CAPITAO;0;0;0;9;2;1;1;2;2;4;3;0;0;
2019;CAPIVARI DO SUL;0;0;0;43;8;1;2;1;12;4;13;7;0;
2019;CARAA;2;2;0;27;4;1;3;0;3;4;6;4;0;
2019;CARAZINHO;7;7;0;680;22;56;150;18;160;44;39;51;0;
2019;CARLOS BARBOSA;0;0;0;138;2;8;12;5;47;4;23;22;0;
2019;CARLOS GOMES;0;0;0;7;0;0;2;0;1;0;0;0;0;
2019;CASCA;1;1;0;46;1;6;2;3;23;6;22;4;0;
2019;CASEIROS;0;0;0;34;7;3;1;0;5;1;1;0;0;
2019;CATUIPE;1;1;0;100;14;1;1;0;1;4;7;1;0;
2019;CAXIAS DO SUL;59;62;5;4016;35;1174;1844;459;1853;211;242;244;5;
2019;CENTENARIO;0;0;0;8;1;1;0;0;3;2;0;0;0;
2019;CERRITO;0;0;0;55;17;0;5;1;3;4;2;1;0;
2019;CERRO BRANCO;0;0;0;17;0;1;3;0;1;5;0;0;0;
2019;CERRO GRANDE;0;0;0;12;3;1;0;0;0;2;0;0;0;
2019;CERRO GRANDE DO SUL;2;2;0;62;11;11;13;4;9;10;0;1;0;
2019;CERRO LARGO;4;4;0;119;3;3;10;0;20;3;13;14;0;
2019;CHAPADA;0;0;0;25;0;0;1;0;14;4;4;0;0;
2019;CHARQUEADAS;3;3;0;193;9;3;26;1;20;11;172;132;0;
2019;CHARRUA;0;0;0;5;0;0;1;0;1;2;0;0;0;
2019;CHIAPETTA;0;0;0;13;2;2;0;0;7;0;1;0;0;
2019;CHUI;3;3;0;135;19;5;29;0;7;2;8;11;0;
2019;CHUVISCA;0;0;0;29;4;1;0;0;5;1;0;0;0;
2019;CIDREIRA;7;7;0;360;8;31;67;6;53;10;39;46;0;
2019;CIRIACO;1;1;0;47;18;1;1;0;6;5;4;1;0;
2019;COLINAS;0;0;0;13;2;0;2;0;5;1;1;0;0;
2019;COLORADO;0;0;0;22;1;2;2;1;6;3;2;0;0;
2019;CONDOR;0;0;0;48;6;6;1;0;19;2;0;1;0;
2019;CONSTANTINA;2;2;0;52;1;4;7;0;7;11;10;5;0;
2019;COQUEIRO BAIXO;0;0;0;6;2;0;0;0;0;0;0;0;0;
2019;COQUEIROS DO SUL;0;0;0;26;5;1;0;0;2;1;0;0;0;
2019;CORONEL BARROS;0;0;0;17;3;0;0;0;3;1;0;1;0;
2019;CORONEL BICACO;0;0;0;64;4;7;6;0;5;6;9;0;0;
2019;CORONEL PILAR;0;0;0;6;0;0;0;0;6;0;0;0;0;
2019;COTIPORA;0;0;0;22;1;1;0;1;9;5;0;0;0;
2019;COXILHA;1;1;0;14;3;1;1;0;1;0;5;0;0;
2019;CRISSIUMAL;0;0;0;67;3;4;5;0;7;6;17;3;0;
2019;CRISTAL;0;0;0;51;3;1;7;1;9;0;5;1;0;
2019;CRISTAL DO SUL;0;0;0;7;2;1;0;0;3;1;2;2;0;
2019;CRUZ ALTA;11;12;0;781;30;91;248;16;126;57;47;51;0;
2019;CRUZALTENSE;0;0;0;5;0;0;1;0;1;4;0;0;0;
2019;CRUZEIRO DO SUL;3;3;0;83;4;16;17;3;18;8;8;4;0;
2019;DAVID CANABARRO;0;0;0;9;1;3;0;0;7;2;0;0;0;
2019;DERRUBADAS;0;0;0;14;7;1;0;0;0;1;1;0;0;
2019;DEZESSEIS DE NOVEMBRO;2;2;0;12;4;0;1;0;1;5;0;0;0;
2019;DILERMANDO DE AGUIAR;0;0;0;53;29;1;1;0;1;3;3;0;0;
2019;DOIS IRMAOS;1;1;0;214;2;20;30;5;40;1;33;4;0;
2019;DOIS IRMAOS DAS MISSOES;0;0;0;7;3;0;0;2;0;0;0;0;0;
2019;DOIS LAJEADOS;0;0;0;19;0;0;0;2;4;1;2;1;0;
2019;DOM FELICIANO;0;0;0;88;10;11;11;2;13;7;2;2;0;
2019;DOM PEDRITO;6;7;0;423;65;24;72;1;73;27;54;47;0;
2019;DOM PEDRO DE ALCANTARA;0;0;0;12;1;3;2;1;5;0;1;0;0;
2019;DONA FRANCISCA;0;0;0;21;0;1;2;0;3;3;0;5;0;
2019;DOUTOR RICARDO;0;0;0;9;0;2;0;0;0;0;0;0;0;
2019;DR MAURICIO CARDOSO;0;0;0;23;4;1;3;0;3;4;2;2;0;
2019;ELDORADO DO SUL;7;7;0;305;8;26;177;22;109;20;79;59;0;
2019;ENCANTADO;5;5;0;136;3;12;16;1;45;9;46;17;0;
2019;ENCRUZILHADA DO SUL;6;6;1;224;34;15;38;4;18;17;13;8;1;
2019;ENGENHO VELHO;0;0;0;6;2;0;0;0;1;1;0;0;0;
2019;ENTRE IJUIS;0;0;0;67;10;2;7;0;3;10;7;1;0;
2019;ENTRE RIOS DO SUL;1;1;0;8;3;1;3;0;2;0;1;2;0;
2019;EREBANGO;0;0;0;12;0;1;1;0;2;2;4;0;0;
2019;ERECHIM;11;11;1;958;3;137;186;12;364;200;259;164;1;
2019;ERNESTINA;1;1;0;20;4;0;1;0;4;3;10;1;0;
2019;ERVAL GRANDE;0;0;0;30;5;4;0;2;2;4;4;2;0;
2019;ERVAL SECO;0;0;0;34;15;2;1;0;8;2;1;0;0;
2019;ESMERALDA;0;0;0;57;3;0;3;0;5;9;2;2;0;
2019;ESPERANCA DO SUL;1;1;0;8;2;0;0;0;2;2;0;0;0;
2019;ESPUMOSO;2;2;0;88;15;15;8;0;19;14;22;13;0;
2019;ESTACAO;1;1;1;31;0;1;6;0;12;1;8;2;1;
2019;ESTANCIA VELHA;4;4;1;376;3;62;133;56;152;11;49;22;2;
2019;ESTEIO;11;12;0;1045;0;123;601;91;252;28;34;135;0;
2019;ESTRELA;9;10;0;319;2;22;56;10;99;11;108;38;0;
2019;ESTRELA VELHA;0;0;0;5;1;1;2;0;1;6;0;0;0;
2019;EUGENIO DE CASTRO;0;0;0;12;1;0;0;0;1;2;0;0;0;
2019;FAGUNDES VARELA;0;0;0;9;3;0;1;0;1;0;0;0;0;
2019;FARROUPILHA;21;23;1;603;6;131;163;82;218;27;148;66;1;
2019;FAXINAL DO SOTURNO;0;0;0;73;5;1;4;0;5;3;4;9;0;
2019;FAXINALZINHO;0;0;0;12;6;1;1;0;0;1;0;0;0;
2019;FAZENDA VILA NOVA;2;2;0;44;5;3;12;4;2;3;15;5;0;
2019;FELIZ;0;0;0;78;0;5;6;1;16;4;39;10;0;
2019;FLORES DA CUNHA;3;3;0;168;5;46;57;15;79;17;17;10;0;
2019;FLORIANO PEIXOTO;0;0;0;17;5;1;0;0;1;0;0;0;0;
2019;FONTOURA XAVIER;3;3;2;157;50;7;8;0;6;16;9;3;2;
2019;FORMIGUEIRO;0;0;0;81;22;1;3;1;15;8;1;3;0;
2019;FORQUETINHA;0;0;0;13;0;3;3;0;0;5;2;0;0;
2019;FORTALEZA DOS VALOS;1;0;0;28;3;1;2;0;2;3;2;0;0;
2019;FREDERICO WESTPHALEN;4;5;0;263;12;20;24;0;83;26;179;27;0;
2019;GARIBALDI;5;5;0;182;9;11;17;26;51;11;20;17;0;
2019;GARRUCHOS;0;0;0;42;26;0;3;0;1;2;0;0;0;
2019;GAURAMA;0;0;0;44;4;0;2;2;5;3;0;1;0;
2019;GENERAL CAMARA;0;0;0;92;10;1;8;0;11;2;5;8;0;
2019;GENTIL;0;0;0;23;8;0;1;0;5;2;0;0;0;
2019;GETULIO VARGAS;1;1;0;68;1;9;13;4;28;12;66;56;0;
2019;GIRUA;0;0;0;194;9;8;14;0;16;4;13;21;0;
2019;GLORINHA;1;1;0;55;9;2;13;6;24;3;7;3;0;
2019;GRAMADO;1;1;0;454;1;17;25;2;152;14;94;45;0;
2019;GRAMADO DOS LOUREIROS;1;1;0;2;0;0;0;1;0;1;0;0;0;
2019;GRAMADO XAVIER;2;2;0;33;1;3;1;0;1;0;0;1;0;
2019;GRAVATAI;66;73;2;2056;52;475;2332;461;807;134;128;319;2;
2019;GUABIJU;0;0;0;8;2;0;0;0;4;2;1;0;0;
2019;GUAIBA;27;27;1;619;6;75;475;34;147;54;674;140;1;
2019;GUAPORE;4;5;0;149;5;18;25;10;64;8;36;36;0;
2019;GUARANI DAS MISSOES;0;0;0;115;9;0;8;0;5;6;4;0;0;
2019;HARMONIA;0;0;0;10;0;0;1;1;3;0;3;0;0;
2019;HERVAL;1;1;0;100;51;4;3;0;5;7;9;2;0;
2019;HERVEIRAS;1;1;0;7;1;1;1;1;2;2;2;0;0;
2019;HORIZONTINA;1;2;0;112;1;1;4;1;11;2;78;13;0;
2019;HULHA NEGRA;0;0;0;39;14;2;2;0;4;3;4;2;0;
2019;HUMAITA;0;0;0;15;0;0;4;0;2;0;2;2;0;
2019;IBARAMA;1;1;0;33;2;2;5;1;2;5;0;1;0;
2019;IBIACA;0;0;0;49;4;0;1;1;6;2;0;0;0;
2019;IBIRAIARAS;0;0;0;51;8;1;2;0;15;3;6;0;0;
2019;IBIRAPUITA;1;1;0;20;3;0;0;0;3;6;5;7;0;
2019;IBIRUBA;2;2;0;139;7;6;16;2;52;5;12;19;0;
2019;IGREJINHA;4;4;0;292;2;25;48;4;69;15;73;25;0;
2019;IJUI;12;13;0;760;10;51;88;6;165;52;109;84;0;
2019;ILOPOLIS;0;0;0;28;1;2;3;0;4;5;12;1;0;
2019;IMBE;7;7;0;783;13;55;132;15;77;11;60;30;0;
2019;IMIGRANTE;0;0;0;10;0;0;1;0;4;0;0;0;0;
2019;INDEPENDENCIA;0;0;0;54;4;1;3;0;5;4;11;5;0;
2019;INHACORA;0;0;0;10;1;2;1;0;1;0;0;0;0;
2019;IPE;0;0;0;64;13;0;6;0;10;2;4;6;0;
2019;IPIRANGA DO SUL;0;0;0;5;1;0;0;0;2;0;0;0;0;
2019;IRAI;0;0;0;58;13;6;3;0;11;7;18;9;0;
2019;ITAARA;0;0;0;60;8;1;2;1;8;5;1;1;0;
2019;ITACURUBI;0;0;0;42;25;0;0;0;0;2;1;0;0;
2019;ITAPUCA;0;0;0;16;9;0;1;0;0;3;1;0;0;
2019;ITAQUI;2;2;0;420;34;16;77;5;36;22;30;22;0;
2019;ITATI;0;0;0;33;3;1;2;0;0;2;1;0;0;
2019;ITATIBA DO SUL;0;0;0;8;2;1;0;1;0;1;1;0;0;
2019;IVORA;0;0;0;5;1;0;1;0;1;4;2;0;0;
2019;IVOTI;0;0;0;118;1;14;22;4;51;4;30;10;0;
2019;JABOTICABA;1;1;0;12;2;2;0;0;2;2;1;1;0;
2019;JACUIZINHO;0;0;0;8;4;0;0;0;1;1;1;0;0;
2019;JACUTINGA;0;0;0;17;1;0;0;0;2;4;3;2;0;
2019;JAGUARAO;4;4;0;636;63;42;90;0;28;14;57;25;0;
2019;JAGUARI;0;0;0;60;10;0;3;0;14;5;14;14;0;
2019;JAQUIRANA;1;1;0;44;10;3;4;1;7;7;4;2;0;
2019;JARI;0;0;0;18;11;1;1;0;1;6;0;0;0;
2019;JOIA;0;0;0;30;6;0;1;0;1;5;2;1;0;
2019;JULIO DE CASTILHOS;2;2;0;282;39;10;23;1;33;10;37;13;0;
2019;LAGOA BONITA DO SUL;0;0;0;13;2;1;0;0;0;2;0;0;0;
2019;LAGOA DOS TRES CANTOS;0;0;0;3;0;0;0;0;1;0;0;1;0;
2019;LAGOA VERMELHA;6;6;0;396;44;11;34;5;80;40;100;34;0;
2019;LAGOAO;0;0;0;35;12;3;3;0;6;3;1;3;0;
2019;LAJEADO;17;18;0;893;4;186;147;37;243;45;115;110;0;
2019;LAJEADO DO BUGRE;2;2;0;9;0;0;0;0;1;7;6;1;0;
2019;LAVRAS DO SUL;0;0;0;48;11;2;1;0;6;1;9;4;0;
2019;LIBERATO SALZANO;0;0;0;14;5;0;0;1;0;2;0;0;0;
2019;LINDOLFO COLLOR;0;0;0;20;0;1;2;0;4;1;10;6;0;
2019;LINHA NOVA;0;0;0;8;0;0;0;0;0;0;0;0;0;
2019;MACAMBARA;0;0;0;46;23;1;0;0;3;4;1;0;0;
2019;MACHADINHO;0;0;0;41;1;2;3;0;1;4;4;0;0;
2019;MAMPITUBA;1;1;0;16;3;1;3;0;1;2;1;4;0;
2019;MANOEL VIANA;1;1;0;40;14;1;3;1;10;7;8;3;0;
2019;MAQUINE;2;5;0;90;10;5;8;1;7;4;6;1;0;
2019;MARATA;0;0;0;14;2;2;1;0;1;1;1;0;0;
2019;MARAU;1;1;1;411;8;28;26;1;108;16;81;17;1;
2019;MARCELINO RAMOS;0;0;0;14;1;2;0;0;4;6;13;2;0;
2019;MARIANA PIMENTEL;1;1;0;30;4;2;5;1;5;4;1;5;0;
2019;MARIANO MORO;0;0;0;9;0;0;0;0;3;1;0;0;0;
2019;MARQUES DE SOUZA;0;0;0;25;2;2;2;0;6;1;1;0;0;
2019;MATA;1;1;0;70;44;1;0;0;7;4;2;0;0;
2019;MATO CASTELHANO;1;1;0;25;3;0;0;1;1;4;1;1;0;
2019;MATO LEITAO;0;0;1;21;2;0;2;0;5;0;6;1;1;
2019;MATO QUEIMADO;0;0;0;0;0;0;0;0;3;0;0;0;0;
2019;MAXIMILIANO DE ALMEIDA;0;0;0;20;2;2;0;0;2;1;1;0;0;
2019;MINAS DO LEAO;2;2;0;61;7;3;7;0;7;4;11;13;0;
2019;MIRAGUAI;1;1;0;41;5;4;2;4;4;4;0;1;0;
2019;MONTAURI;0;0;0;5;0;0;0;0;0;1;1;0;0;
2019;MONTE ALEGRE DOS CAMPOS;0;0;0;42;11;0;0;0;1;5;1;0;0;
2019;MONTE BELO DO SUL;1;1;0;5;1;1;1;1;2;1;0;0;0;
2019;MONTENEGRO;5;6;0;726;22;62;122;22;99;25;228;103;0;
2019;MORMACO;0;0;0;26;5;2;1;0;1;1;2;0;0;
2019;MORRINHOS DO SUL;0;0;0;5;1;0;2;0;3;2;0;1;0;
2019;MORRO REDONDO;0;0;0;41;7;2;6;1;0;4;2;1;0;
2019;MORRO REUTER;0;0;0;25;0;2;2;0;9;0;17;0;0;
2019;MOSTARDAS;5;9;0;175;35;12;10;0;27;14;14;17;0;
2019;MUCUM;0;0;0;35;1;1;1;0;4;1;5;2;0;
2019;MUITOS CAPOES;0;0;0;37;7;2;5;1;0;5;0;0;0;
2019;MULITERNO;0;0;0;12;1;1;0;0;3;0;0;0;0;
2019;NAO-ME-TOQUE;0;0;0;59;1;6;11;5;41;12;4;31;0;
2019;NICOLAU VERGUEIRO;0;0;0;16;8;1;1;0;2;3;3;0;0;
2019;NONOAI;3;3;0;78;4;4;6;1;11;5;44;9;0;
2019;NOVA ALVORADA;0;0;0;15;3;1;15;0;6;2;4;0;0;
2019;NOVA ARACA;0;0;0;17;1;4;0;0;3;2;6;2;0;
2019;NOVA BASSANO;0;0;0;30;1;3;4;4;12;6;12;7;0;
2019;NOVA BOA VISTA;0;0;0;8;2;0;0;0;0;0;0;0;0;
2019;NOVA BRESCIA;0;0;0;27;1;0;0;0;0;0;0;0;0;
2019;NOVA CANDELARIA;0;0;0;9;2;0;0;0;1;0;0;1;0;
2019;NOVA ESPERANCA DO SUL;0;0;0;8;1;0;0;0;6;2;3;6;0;
2019;NOVA HARTZ;1;2;0;110;0;8;16;4;67;4;26;18;0;
2019;NOVA PADUA;0;0;0;7;2;1;1;0;2;0;0;0;0;
2019;NOVA PALMA;1;1;1;63;23;1;6;0;12;3;1;0;1;
2019;NOVA PETROPOLIS;1;1;0;87;0;9;4;0;51;2;50;25;0;
2019;NOVA PRATA;1;1;0;131;9;24;17;2;54;12;53;29;0;
2019;NOVA RAMADA;0;0;0;16;3;0;0;0;0;4;0;0;0;
2019;NOVA ROMA DO SUL;0;0;0;18;0;2;1;0;10;4;4;0;0;
2019;NOVA SANTA RITA;5;5;0;227;16;36;70;8;44;8;77;19;0;
2019;NOVO BARREIRO;0;0;0;16;3;3;0;0;1;0;1;0;0;
2019;NOVO CABRAIS;1;1;0;15;1;2;1;0;4;2;4;0;0;
2019;NOVO HAMBURGO;39;45;0;2967;15;561;1846;630;951;104;367;269;0;
2019;NOVO MACHADO;0;0;0;15;1;0;0;0;1;3;0;0;0;
2019;NOVO TIRADENTES;0;0;0;6;0;0;0;0;2;0;2;0;0;
2019;NOVO XINGU;0;0;0;3;1;0;0;0;0;0;0;0;0;
2019;OSORIO;8;8;0;736;29;34;94;18;185;24;77;112;0;
2019;PAIM FILHO;0;0;0;16;3;3;0;0;2;5;3;2;0;
2019;PALMARES DO SUL;3;4;0;195;17;8;18;3;32;11;28;19;0;
2019;PALMEIRA DAS MISSOES;4;4;0;349;19;20;24;2;82;22;27;19;0;
2019;PALMITINHO;1;1;0;44;3;2;0;1;6;1;8;0;0;
2019;PANAMBI;6;7;0;395;9;21;38;7;103;11;15;26;0;
2019;PANTANO GRANDE;0;0;0;106;19;4;9;4;6;7;17;9;0;
2019;PARAI;0;0;0;25;2;5;1;0;12;2;9;7;0;
2019;PARAISO DO SUL;0;0;0;28;0;1;2;0;1;3;0;0;0;
2019;PARECI NOVO;0;0;0;32;1;3;1;2;5;1;0;3;0;
2019;PAROBE;7;7;0;381;4;48;147;56;91;20;42;34;0;
2019;PASSA SETE;0;0;0;58;12;1;6;0;6;2;1;0;0;
2019;PASSO DO SOBRADO;0;0;0;85;21;4;2;2;3;2;0;0;0;
2019;PASSO FUNDO;15;15;1;1748;23;375;739;65;534;149;340;308;2;
2019;PAULO BENTO;0;0;0;11;1;0;0;0;0;5;0;0;0;
2019;PAVERAMA;0;0;0;48;6;8;9;4;10;4;9;8;0;
2019;PEDRAS ALTAS;0;0;0;50;33;1;3;0;2;1;0;0;0;
2019;PEDRO OSORIO;1;1;0;90;5;7;9;0;12;1;14;4;0;
2019;PEJUCARA;0;0;0;28;8;4;2;0;5;3;1;0;0;
2019;PELOTAS;54;57;5;3305;67;424;2575;105;916;192;212;400;5;
2019;PICADA CAFE;0;0;0;18;0;1;2;1;5;0;16;1;0;
2019;PINHAL;0;0;0;9;2;1;3;0;1;1;2;1;0;
2019;PINHAL DA SERRA;0;0;0;15;6;0;1;0;2;3;3;0;0;
2019;PINHAL GRANDE;0;0;0;17;8;1;4;0;3;4;0;0;0;
2019;PINHEIRINHO DO VALE;0;0;0;10;1;0;1;0;0;1;3;1;0;
2019;PINHEIRO MACHADO;1;1;0;93;31;5;5;0;21;7;10;20;0;
2019;PINTO BANDEIRA;0;0;0;13;1;1;0;0;1;5;3;1;0;
2019;PIRAPO;0;0;0;19;12;0;0;0;1;6;0;0;0;
2019;PIRATINI;1;1;0;160;31;21;19;1;20;4;4;13;0;
2019;PLANALTO;1;1;0;46;5;1;2;1;4;3;7;0;0;
2019;POCO DAS ANTAS;0;0;0;9;0;3;1;0;4;0;0;0;0;
2019;PONTAO;0;0;0;16;3;1;2;0;7;6;3;0;0;
2019;PONTE PRETA;0;0;0;4;0;0;1;0;0;0;1;0;0;
2019;PORTAO;12;12;0;231;17;37;126;57;105;9;14;32;0;
2019;PORTO ALEGRE;289;321;14;25514;42;2812;27900;4747;7123;603;1708;2329;14;
2019;PORTO LUCENA;1;1;2;22;6;0;0;0;1;9;1;2;2;
2019;PORTO MAUA;0;0;0;32;5;0;0;0;2;3;0;0;0;
2019;PORTO VERA CRUZ;0;0;0;11;4;1;0;0;0;2;0;1;0;
2019;PORTO XAVIER;1;1;0;72;18;4;9;0;8;6;22;3;0;
2019;POUSO NOVO;1;1;0;20;4;1;0;1;6;1;1;0;0;
2019;PRESIDENTE LUCENA;0;0;0;19;0;2;1;1;2;1;1;0;0;
2019;PROGRESSO;0;0;0;36;7;2;3;0;10;7;1;1;0;
2019;PROTASIO ALVES;0;0;0;8;1;0;0;0;1;0;0;0;0;
2019;PUTINGA;0;0;0;25;3;0;1;0;2;4;1;0;0;
2019;QUARAI;5;5;0;218;48;22;35;0;21;14;22;7;0;
2019;QUATRO IRMAOS;0;0;0;4;1;0;0;0;1;2;0;0;0;
2019;QUEVEDOS;0;0;0;17;8;2;2;0;2;4;0;0;0;
2019;QUINZE DE NOVEMBRO;0;0;0;34;6;3;1;0;3;2;0;0;0;
2019;REDENTORA;2;2;1;45;11;4;8;2;5;21;3;1;1;
2019;RELVADO;0;0;0;19;2;1;0;0;1;3;0;0;0;
2019;RESTINGA SECA;1;1;1;137;30;5;18;0;16;12;11;4;1;
2019;RIO DOS INDIOS;0;0;0;21;6;0;3;0;0;1;0;0;0;
2019;RIO GRANDE;33;35;2;2387;100;173;2142;51;416;144;160;325;2;
2019;RIO PARDO;6;6;0;363;38;22;27;2;43;19;63;31;0;
2019;RIOZINHO;0;0;0;23;1;1;1;2;2;4;1;1;0;
2019;ROCA SALES;1;1;0;79;6;6;17;1;13;5;4;6;0;
2019;RODEIO BONITO;2;2;0;24;4;0;0;1;9;4;6;1;0;
2019;ROLADOR;0;0;0;6;1;0;0;0;0;1;0;1;0;
2019;ROLANTE;4;5;0;100;4;5;21;5;19;7;42;6;0;
2019;RONDA ALTA;2;2;0;43;3;3;8;2;14;2;2;5;0;
2019;RONDINHA;0;0;0;9;1;1;3;0;8;0;1;0;0;
2019;ROQUE GONZALES;2;2;0;22;5;1;1;0;2;10;9;3;0;
2019;ROSARIO DO SUL;1;1;0;394;73;11;38;0;46;28;64;65;0;
2019;SAGRADA FAMILIA;0;0;0;5;2;2;1;1;1;4;0;1;0;
2019;SALDANHA MARINHO;0;0;0;18;0;2;6;1;3;0;1;1;0;
2019;SALTO DO JACUI;4;5;0;148;5;3;20;2;26;20;22;13;0;
2019;SALVADOR DAS MISSOES;0;0;0;16;0;1;3;0;2;1;0;0;0;
2019;SALVADOR DO SUL;0;0;0;48;1;2;6;0;6;2;15;1;0;
2019;SANANDUVA;0;0;0;113;7;7;15;0;9;12;4;9;0;
2019;SANTA BARBARA DO SUL;0;0;0;80;9;4;15;2;16;17;7;19;0;
2019;SANTA CECILIA DO SUL;0;0;0;15;2;1;0;1;0;2;3;0;0;
2019;SANTA CLARA DO SUL;0;0;0;29;3;5;3;0;5;2;0;0;0;
2019;SANTA CRUZ DO SUL;20;20;1;1663;30;360;402;22;277;39;74;176;1;
2019;SANTA MARGARIDA DO SUL;0;0;0;36;15;0;0;1;2;2;0;0;0;
2019;SANTA MARIA;37;40;2;3658;90;242;1325;23;864;188;327;286;2;
2019;SANTA MARIA DO HERVAL;0;0;0;28;2;4;11;1;1;1;3;0;0;
2019;SANTA ROSA;10;10;0;521;10;33;32;4;135;47;199;137;0;
2019;SANTA TEREZA;0;0;0;0;0;0;0;0;0;0;0;0;0;
2019;SANTA VITORIA DO PALMAR;4;4;0;629;96;33;96;3;55;18;14;24;0;
2019;SANTANA DA BOA VISTA;0;0;0;48;9;1;12;0;4;7;4;2;0;
2019;SANTANA DO LIVRAMENTO;3;3;0;1248;204;94;139;4;160;52;287;33;0;
2019;SANTIAGO;4;4;0;346;47;2;20;1;111;24;176;96;0;
2019;SANTO ANGELO;4;4;0;1004;49;65;145;11;129;50;196;111;0;
2019;SANTO ANTONIO DA PATRULHA;6;6;1;335;22;42;73;9;90;25;57;74;1;
2019;SANTO ANTONIO DAS MISSOES;0;0;0;84;19;0;4;0;8;10;15;5;0;
2019;SANTO ANTONIO DO PALMA;0;0;0;8;0;1;0;0;3;1;1;0;0;
2019;SANTO ANTONIO DO PLANALTO;0;0;1;10;2;0;1;0;4;3;0;0;1;
2019;SANTO AUGUSTO;1;1;0;109;6;1;4;0;9;5;20;12;0;
2019;SANTO CRISTO;1;1;0;39;1;2;1;0;7;4;21;4;0;
2019;SANTO EXPEDITO DO SUL;0;0;0;11;2;1;0;0;2;0;0;0;0;
2019;SAO BORJA;3;4;0;623;72;51;97;1;112;15;36;26;0;
2019;SAO DOMINGOS DO SUL;0;0;0;13;2;0;0;0;3;0;1;0;0;
2019;SAO FRANCISCO DE ASSIS;0;0;0;122;29;3;7;0;21;7;29;8;0;
2019;SAO FRANCISCO DE PAULA;4;5;0;307;57;10;29;4;31;16;14;16;0;
2019;SAO GABRIEL;5;5;0;824;110;14;51;2;64;64;63;173;0;
2019;SAO JERONIMO;2;2;0;277;17;5;50;1;19;25;58;23;0;
2019;SAO JOAO DA URTIGA;0;0;0;14;2;1;0;0;1;5;0;1;0;
2019;SAO JOAO DO POLESINE;0;0;0;36;7;0;2;0;6;2;0;1;0;
2019;SAO JORGE;0;0;0;12;5;0;1;1;6;1;1;0;0;
2019;SAO JOSE DAS MISSOES;0;0;0;13;2;0;1;1;0;0;0;0;0;
2019;SAO JOSE DO HERVAL;1;2;0;21;13;0;1;0;1;1;0;0;0;
2019;SAO JOSE DO HORTENCIO;0;0;0;20;2;1;0;0;7;2;10;1;0;
2019;SAO JOSE DO INHACORA;0;0;0;4;1;0;0;0;1;1;0;0;0;
2019;SAO JOSE DO NORTE;5;5;0;185;18;5;40;1;11;9;20;21;0;
2019;SAO JOSE DO OURO;0;0;0;44;3;4;0;0;10;3;3;0;0;
2019;SAO JOSE DO SUL;0;0;0;19;0;1;1;1;1;3;4;0;0;
2019;SAO JOSE DOS AUSENTES;0;0;0;31;3;0;0;0;1;4;6;4;0;
2019;SAO LEOPOLDO;42;43;0;2486;14;487;1780;578;734;99;286;427;0;
2019;SAO LOURENCO DO SUL;2;2;0;281;20;8;30;2;64;21;117;27;0;
2019;SAO LUIZ GONZAGA;3;3;0;413;23;15;66;2;28;32;51;47;0;
2019;SAO MARCOS;1;1;1;167;6;14;22;7;46;12;53;16;1;
2019;SAO MARTINHO;0;0;0;19;2;2;0;0;11;2;7;3;0;
2019;SAO MARTINHO DA SERRA;0;0;0;40;24;0;1;0;5;2;1;0;0;
2019;SAO MIGUEL DAS MISSOES;1;1;0;60;26;1;1;0;4;8;0;0;0;
2019;SAO NICOLAU;0;0;0;78;35;3;4;0;1;13;1;1;0;
2019;SAO PAULO DAS MISSOES;0;0;0;5;0;2;1;0;3;2;1;0;0;
2019;SAO PEDRO DA SERRA;0;0;0;12;3;0;7;0;5;3;9;3;0;
2019;SAO PEDRO DAS MISSOES;0;0;0;10;0;0;0;0;0;0;1;0;0;
2019;SAO PEDRO DO BUTIA;0;0;0;13;3;1;1;0;3;0;0;0;0;
2019;SAO PEDRO DO SUL;2;2;0;257;100;0;13;1;23;17;19;12;0;
2019;SAO SEBASTIAO DO CAI;0;0;0;205;6;14;44;15;58;8;164;44;0;
2019;SAO SEPE;1;1;0;233;27;7;49;1;23;17;17;51;0;
2019;SAO VALENTIM;0;0;0;20;1;0;3;0;2;0;5;3;0;
2019;SAO VALENTIM DO SUL;1;1;0;7;0;2;0;3;3;1;3;0;0;
2019;SAO VALERIO DO SUL;0;0;0;4;0;0;0;0;1;0;0;0;0;
2019;SAO VENDELINO;0;0;0;12;0;0;5;0;5;1;2;1;0;
2019;SAO VICENTE DO SUL;2;2;0;92;31;1;6;0;3;12;15;4;0;
2019;SAPIRANGA;7;8;0;639;5;136;238;51;159;27;198;74;0;
2019;SAPUCAIA DO SUL;31;34;1;1197;13;218;1205;235;302;38;165;211;1;
2019;SARANDI;5;5;1;241;4;19;25;1;24;23;23;47;1;
2019;SEBERI;6;7;0;68;10;11;4;1;20;16;21;12;0;
2019;SEDE NOVA;0;0;0;6;1;1;0;0;2;1;2;0;0;
2019;SEGREDO;0;0;0;48;12;7;3;0;4;6;0;0;0;
2019;SELBACH;0;0;0;20;0;4;1;1;7;2;0;1;0;
2019;SENADOR SALGADO FILHO;0;0;0;7;1;1;0;1;1;0;0;0;0;
2019;SENTINELA DO SUL;1;1;0;41;8;6;8;2;1;4;1;2;0;
2019;SERAFINA CORREA;1;1;0;90;4;6;9;0;30;4;29;6;0;
2019;SERIO;2;3;1;22;0;0;0;0;2;0;1;0;1;
2019;SERTAO;0;0;0;33;4;2;4;1;7;6;5;2;0;
2019;SERTAO SANTANA;0;0;0;30;7;1;2;0;2;6;4;3;0;
2019;SETE DE SETEMBRO;0;0;0;13;3;1;2;0;1;0;0;0;0;
2019;SEVERIANO DE ALMEIDA;0;0;0;18;1;0;0;0;12;2;3;3;0;
2019;SILVEIRA MARTINS;0;0;0;25;2;2;0;0;5;0;2;1;0;
2019;SINIMBU;0;0;0;51;1;6;4;0;6;4;0;0;0;
2019;SOBRADINHO;1;1;0;237;10;8;26;2;20;8;23;10;0;
2019;SOLEDADE;5;5;1;665;66;26;39;5;67;21;81;48;1;
2019;TABAI;1;1;0;41;7;4;20;8;3;0;1;1;0;
2019;TAPEJARA;2;2;0;232;2;25;13;3;39;3;41;11;0;
2019;TAPERA;2;2;0;78;2;3;6;0;11;4;10;37;0;
2019;TAPES;6;6;1;224;18;17;32;3;18;6;15;13;1;
2019;TAQUARA;10;10;0;506;16;68;123;69;173;23;66;53;0;
2019;TAQUARI;3;3;0;221;15;12;29;10;45;12;42;6;0;
2019;TAQUARUCU DO SUL;0;0;0;6;1;4;1;0;3;0;2;0;0;
2019;TAVARES;1;1;0;60;15;2;6;0;12;5;9;12;0;
2019;TENENTE PORTELA;1;1;1;97;16;17;11;3;21;17;11;6;1;
2019;TERRA DE AREIA;0;0;0;206;14;4;18;3;19;5;6;5;0;
2019;TEUTONIA;1;1;0;174;2;14;61;3;109;3;44;18;0;
2019;TIO HUGO;0;0;0;17;2;0;3;0;9;4;1;1;0;
2019;TIRADENTES DO SUL;1;1;0;14;3;2;2;0;3;5;4;5;0;
2019;TOROPI;0;0;0;10;5;1;0;0;0;2;0;0;0;
2019;TORRES;7;8;0;599;12;60;116;16;161;12;64;97;0;
2019;TRAMANDAI;20;21;0;1353;20;160;344;50;236;27;81;117;0;
2019;TRAVESSEIRO;0;0;0;10;0;0;1;1;2;0;0;0;0;
2019;TRES ARROIOS;0;0;0;13;3;3;2;0;3;1;1;2;0;
2019;TRES CACHOEIRAS;1;1;0;82;9;10;6;4;35;3;11;2;0;
2019;TRES COROAS;1;1;0;202;2;7;25;1;23;7;46;18;0;
2019;TRES DE MAIO;1;1;0;140;5;7;7;1;44;5;49;29;0;
2019;TRES FORQUILHAS;0;0;0;39;2;2;2;0;5;2;0;0;0;
2019;TRES PALMEIRAS;0;0;0;23;2;2;0;0;1;1;1;1;0;
2019;TRES PASSOS;3;3;0;174;4;7;14;1;44;11;42;46;0;
2019;TRINDADE DO SUL;0;0;0;31;7;2;3;0;8;5;12;3;0;
2019;TRIUNFO;9;12;1;207;16;11;32;23;32;13;39;51;1;
2019;TUCUNDUVA;2;2;0;39;0;2;2;1;3;0;5;0;0;
2019;TUNAS;0;0;0;12;1;1;1;0;2;1;0;1;0;
2019;TUPANCI DO SUL;0;0;0;13;7;0;0;0;1;2;0;0;0;
2019;TUPANCIRETA;4;4;1;365;33;10;28;1;13;19;21;18;1;
2019;TUPANDI;0;0;0;13;2;0;1;1;4;0;11;1;0;
2019;TUPARENDI;0;0;0;37;4;1;1;0;12;11;9;5;0;
2019;TURUCU;2;2;0;20;4;0;2;0;3;0;2;1;0;
2019;UBIRETAMA;0;0;0;3;0;0;1;0;1;1;0;1;0;
2019;UNIAO DA SERRA;0;0;0;3;0;1;1;0;0;0;0;0;0;
2019;UNISTALDA;1;1;0;14;6;0;0;0;0;1;1;0;0;
2019;URUGUAIANA;17;17;0;1431;123;55;605;9;171;65;170;151;0;
2019;VACARIA;9;9;0;928;29;48;145;5;170;65;196;81;0;
2019;VALE DO SOL;0;0;0;55;6;4;8;0;3;3;1;0;0;
2019;VALE REAL;2;2;0;30;0;2;0;1;5;1;6;2;0;
2019;VALE VERDE;1;3;0;13;4;2;3;0;1;3;0;0;0;
2019;VANINI;0;0;0;10;1;0;0;0;2;0;2;0;0;
2019;VENANCIO AIRES;8;8;0;605;16;59;90;30;120;26;72;74;0;
2019;VERA CRUZ;6;6;1;285;17;38;52;3;37;11;10;3;1;
2019;VERANOPOLIS;4;4;0;172;16;12;26;2;44;12;62;24;0;
2019;VESPASIANO CORREA;0;0;0;7;1;0;0;0;2;0;0;0;0;
2019;VIADUTOS;0;0;0;52;3;0;1;0;3;2;2;2;0;
2019;VIAMAO;70;73;2;1762;72;213;3289;781;514;116;155;251;2;
2019;VICENTE DUTRA;0;0;0;28;4;3;2;0;2;6;1;2;0;
2019;VICTOR GRAEFF;0;0;0;18;2;1;1;1;4;1;1;2;0;
2019;VILA FLORES;0;0;0;22;1;1;1;0;2;5;3;2;0;
2019;VILA LANGARO;0;0;0;3;0;0;0;0;1;1;0;0;0;
2019;VILA MARIA;0;0;0;12;1;4;1;0;9;1;2;2;0;
2019;VILA NOVA DO SUL;0;0;0;49;17;1;4;0;4;2;2;1;0;
2019;VISTA ALEGRE;1;1;0;12;1;0;2;0;2;2;1;0;0;
2019;VISTA ALEGRE DO PRATA;0;0;0;5;0;0;0;0;1;0;0;0;0;
2019;VISTA GAUCHA;0;0;0;12;2;0;0;0;1;3;0;0;0;
2019;VITORIA DAS MISSOES;1;1;0;30;8;1;1;0;5;2;0;1;0;
2019;WESTFALIA;0;0;0;13;0;0;2;1;5;1;0;0;0;
2019;XANGRI-LA;0;0;0;1045;8;26;68;5;80;8;37;40;0;
2020;ACEGUA;1;1;0;27;17;1;1;0;13;5;0;0;0;0
2020;AGUA SANTA;0;0;0;42;3;5;10;1;13;8;0;0;0;0
2020;AGUDO;2;3;0;81;4;3;5;0;43;6;7;11;0;0
2020;AJURICABA;0;0;0;25;1;1;0;1;9;4;7;5;0;0
2020;ALECRIM;1;1;0;36;10;0;1;0;8;8;5;3;0;0
2020;ALEGRETE;12;12;0;758;80;14;119;3;389;49;73;62;0;2
2020;ALEGRIA;0;0;0;23;3;0;0;0;5;4;0;0;0;0
2020;ALMIRANTE TAMANDARE DO SUL;0;0;0;17;2;0;0;0;12;1;0;0;0;0
2020;ALPESTRE;0;0;0;44;20;2;0;2;4;3;1;1;0;0
2020;ALTO ALEGRE;0;0;0;6;1;1;1;1;4;1;1;0;0;0
2020;ALTO FELIZ;0;0;0;9;0;0;0;0;16;1;3;1;0;0
2020;ALVORADA;108;114;1;1147;15;272;2267;462;1057;81;80;385;1;0
2020;AMARAL FERRADOR;4;6;0;19;6;2;4;0;15;3;0;1;0;0
2020;AMETISTA DO SUL;0;0;1;32;3;2;1;1;5;7;30;4;1;0
2020;ANDRE DA ROCHA;0;0;0;13;5;0;2;0;2;2;0;0;0;0
2020;ANTA GORDA;0;0;0;25;3;3;1;0;18;2;2;0;0;0
2020;ANTONIO PRADO;2;3;0;44;1;10;5;0;81;4;11;16;0;0
2020;ARAMBARE;0;0;0;65;9;0;6;1;13;1;18;3;0;0
2020;ARARICA;1;2;0;55;3;2;13;3;29;5;5;1;0;0
2020;ARATIBA;0;0;0;12;3;0;1;0;10;12;6;1;0;0
2020;ARROIO DO MEIO;1;1;0;84;5;6;9;2;92;3;54;15;0;0
2020;ARROIO DO PADRE;0;0;0;9;2;1;1;0;4;1;0;0;0;0
2020;ARROIO DO SAL;2;2;0;263;4;17;18;4;106;9;63;33;0;0
2020;ARROIO DO TIGRE;2;2;0;134;22;7;9;0;13;13;7;7;0;0
2020;ARROIO DOS RATOS;0;0;0;59;6;3;5;2;29;10;50;16;0;0
2020;ARROIO GRANDE;2;2;0;154;37;3;7;1;44;5;16;41;0;0
2020;ARVOREZINHA;0;0;1;56;3;6;7;1;18;13;13;0;1;0
2020;AUGUSTO PESTANA;0;0;0;20;2;0;2;0;16;3;5;2;0;0
2020;AUREA;0;0;0;6;1;1;0;0;14;1;0;0;0;0
2020;BAGE;9;9;2;853;89;20;174;12;707;51;186;246;2;1
2020;BALNEARIO PINHAL;4;4;0;241;7;10;74;9;66;9;30;30;0;0
2020;BARAO;0;0;0;13;0;0;5;0;23;4;10;0;0;0
2020;BARAO DE COTEGIPE;1;1;0;35;1;0;4;0;30;11;5;3;0;0
2020;BARAO DO TRIUNFO;1;1;0;36;7;2;3;0;10;12;2;2;0;0
2020;BARRA DO GUARITA;1;1;0;11;3;1;4;0;1;2;2;0;0;0
2020;BARRA DO QUARAI;0;0;0;73;22;2;0;0;25;10;10;14;0;0
2020;BARRA DO RIBEIRO;7;9;0;81;12;0;15;7;42;16;72;42;0;0
2020;BARRA DO RIO AZUL;0;0;0;4;0;0;0;0;2;0;0;0;0;0
2020;BARRA FUNDA;0;0;0;9;1;0;1;1;8;2;0;0;0;0
2020;BARRACAO;0;0;0;37;4;1;2;0;7;6;5;3;0;0
2020;BARROS CASSAL;3;3;0;87;23;10;18;1;19;5;2;3;0;0
2020;BENJAMIN CONSTANT DO SUL;0;0;0;13;2;0;1;0;5;2;0;0;0;0
2020;BENTO GONCALVES;23;23;0;542;3;111;155;22;949;59;144;169;0;0
2020;BOA VISTA DAS MISSOES;0;0;0;13;1;1;1;1;9;2;0;0;0;0
2020;BOA VISTA DO BURICA;0;0;0;12;0;0;0;0;14;1;0;5;0;0
2020;BOA VISTA DO CADEADO;0;0;0;10;6;1;0;1;6;3;0;0;0;0
2020;BOA VISTA DO INCRA;0;0;0;11;3;0;2;1;6;5;0;0;0;0
2020;BOA VISTA DO SUL;0;0;0;8;3;0;0;1;3;0;0;0;0;0
2020;BOM JESUS;5;6;0;122;18;2;4;0;27;9;18;13;0;0
2020;BOM PRINCIPIO;0;0;0;47;0;7;8;4;82;5;69;18;0;0
2020;BOM PROGRESSO;1;1;0;8;0;0;0;0;4;1;3;4;0;0
2020;BOM RETIRO DO SUL;0;0;0;51;5;3;7;1;38;8;98;14;0;0
2020;BOQUEIRAO DO LEAO;0;0;0;41;5;3;4;1;9;2;2;1;0;0
2020;BOSSOROCA;2;2;0;25;13;1;3;0;8;14;13;8;0;0
2020;BOZANO;0;0;0;16;0;0;1;0;5;0;2;1;0;0
2020;BRAGA;0;0;0;10;0;1;1;1;5;2;4;3;0;0
2020;BROCHIER;0;0;0;8;1;0;1;0;11;0;3;2;0;0
2020;BUTIA;8;9;0;140;14;8;44;1;104;22;67;47;0;0
2020;CACAPAVA DO SUL;2;2;0;353;37;9;27;0;238;40;80;43;0;0
2020;CACEQUI;1;1;0;119;55;1;6;0;39;6;23;3;0;0
2020;CACHOEIRA DO SUL;2;2;0;593;49;58;91;4;301;52;103;215;0;0
2020;CACHOEIRINHA;13;14;1;909;12;165;973;197;921;46;230;262;1;0
2020;CACIQUE DOBLE;0;0;0;10;0;1;2;0;2;3;1;1;0;0
2020;CAIBATE;0;0;0;13;0;3;0;0;11;10;7;4;0;0
2020;CAICARA;0;0;0;11;0;3;4;0;10;3;2;0;0;0
2020;CAMAQUA;8;9;0;630;36;32;85;3;287;47;124;91;0;0
2020;CAMARGO;0;0;0;13;1;2;0;0;15;1;5;0;0;0
2020;CAMBARA DO SUL;0;0;0;44;16;0;1;0;9;9;9;1;0;0
2020;CAMPESTRE DA SERRA;2;2;0;36;4;2;4;0;3;4;0;0;0;0
2020;CAMPINA DAS MISSOES;2;2;0;7;4;1;0;0;8;6;2;0;0;0
2020;CAMPINAS DO SUL;0;0;0;36;0;1;3;1;10;8;11;4;0;0
2020;CAMPO BOM;4;5;0;570;4;141;200;72;438;16;69;46;0;0
2020;CAMPO NOVO;0;0;0;29;2;2;1;0;12;6;10;12;0;0
2020;CAMPOS BORGES;2;2;0;3;0;1;0;1;4;1;3;0;0;0
2020;CANDELARIA;5;5;0;225;30;14;41;2;84;26;16;8;0;1
2020;CANDIDO GODOI;0;0;0;1;0;0;1;0;4;1;1;0;0;0
2020;CANDIOTA;0;0;0;88;28;1;8;1;38;3;5;5;0;1
2020;CANELA;6;6;0;540;3;19;43;1;264;34;83;83;0;0
2020;CANGUCU;2;3;0;251;70;15;26;2;156;26;14;24;0;0
2020;CANOAS;53;56;1;2771;16;476;2872;385;2866;128;369;756;1;3
2020;CANUDOS DO VALE;0;0;0;11;2;0;0;0;6;0;2;0;0;0
2020;CAPAO BONITO DO SUL;0;0;0;35;14;1;0;0;3;2;1;0;0;0
2020;CAPAO DA CANOA;3;3;0;818;6;79;200;19;468;17;59;98;0;0
2020;CAPAO DO CIPO;0;0;0;6;5;0;0;0;7;5;2;0;0;0
2020;CAPAO DO LEAO;5;5;0;150;22;10;31;6;76;13;2;9;0;0
2020;CAPELA DE SANTANA;4;4;0;57;10;6;14;5;37;4;4;9;0;0
2020;CAPITAO;0;0;0;9;2;0;1;0;6;4;4;4;0;0
2020;CAPIVARI DO SUL;0;0;0;35;7;2;3;0;29;6;9;5;0;0
2020;CARAA;0;0;0;28;4;2;0;0;14;12;9;7;0;0
2020;CARAZINHO;14;15;1;584;15;46;119;20;315;47;29;32;1;0
2020;CARLOS BARBOSA;2;2;0;107;1;3;15;8;314;1;19;20;0;0
2020;CARLOS GOMES;0;0;0;8;0;1;0;0;5;2;0;0;0;0
2020;CASCA;1;2;0;41;5;1;1;6;79;1;44;17;0;0
2020;CASEIROS;0;0;0;24;8;1;2;0;7;7;1;2;0;0
2020;CATUIPE;1;1;0;68;18;0;2;0;19;9;9;8;0;0
2020;CAXIAS DO SUL;73;83;3;3471;24;972;1511;383;4224;212;171;502;3;0
2020;CENTENARIO;0;0;0;7;1;0;0;0;5;3;0;0;0;0
2020;CERRITO;0;0;0;56;17;0;1;0;10;5;2;0;0;0
2020;CERRO BRANCO;0;0;0;17;0;2;2;0;9;1;0;0;0;0
2020;CERRO GRANDE;0;0;0;10;3;0;2;0;2;9;3;0;0;0
2020;CERRO GRANDE DO SUL;1;1;0;53;10;6;12;2;17;14;3;10;0;0
2020;CERRO LARGO;1;1;0;66;2;2;4;0;46;6;23;21;0;0
2020;CHAPADA;0;0;0;26;1;0;0;0;45;1;5;1;0;0
2020;CHARQUEADAS;0;0;0;153;7;4;16;0;69;16;155;279;0;0
2020;CHARRUA;0;0;0;6;1;0;0;0;3;1;1;0;0;0
2020;CHIAPETTA;0;0;0;16;2;0;2;0;9;1;0;0;0;0
2020;CHUI;0;0;0;123;19;1;8;1;15;4;29;7;0;0
2020;CHUVISCA;0;0;0;37;4;3;0;0;7;2;0;0;0;0
2020;CIDREIRA;9;9;0;342;5;16;108;8;94;13;62;55;0;0
2020;CIRIACO;1;1;0;37;18;1;1;0;14;5;1;1;0;0
2020;COLINAS;0;0;0;25;1;0;0;0;5;0;2;0;0;0
2020;COLORADO;0;0;0;8;1;0;2;0;13;6;1;1;0;0
2020;CONDOR;0;0;0;36;7;0;3;1;38;5;1;1;0;0
2020;CONSTANTINA;1;1;0;43;2;1;2;0;19;9;12;9;0;0
2020;COQUEIRO BAIXO;0;0;0;12;2;2;0;0;3;0;0;0;0;0
2020;COQUEIROS DO SUL;0;0;0;14;4;1;1;0;6;1;0;0;0;0
2020;CORONEL BARROS;1;1;0;7;2;0;0;0;2;2;0;0;0;0
2020;CORONEL BICACO;2;2;0;53;3;2;4;0;7;4;3;2;0;0
2020;CORONEL PILAR;0;0;0;7;1;0;0;0;2;0;0;0;0;0
2020;COTIPORA;0;0;0;27;2;0;0;0;20;1;2;0;0;0
2020;COXILHA;0;0;0;17;4;1;2;1;8;5;9;1;0;0
2020;CRISSIUMAL;1;1;0;46;7;1;4;0;23;5;18;2;0;0
2020;CRISTAL;2;2;0;47;12;3;6;0;16;9;9;12;0;0
2020;CRISTAL DO SUL;0;0;0;11;3;0;0;0;0;3;1;0;0;0
2020;CRUZ ALTA;15;16;1;544;30;54;142;15;331;61;38;86;1;0
2020;CRUZALTENSE;0;0;0;4;0;0;1;0;1;3;0;0;0;0
2020;CRUZEIRO DO SUL;1;3;0;63;1;6;12;5;37;1;10;8;0;0
2020;DAVID CANABARRO;0;0;0;11;2;0;0;0;12;1;3;0;0;0
2020;DERRUBADAS;1;1;0;11;5;0;0;0;4;3;0;0;0;0
2020;DEZESSEIS DE NOVEMBRO;0;0;0;11;7;0;0;0;0;3;1;0;0;0
2020;DILERMANDO DE AGUIAR;1;1;0;53;28;0;1;0;1;3;1;0;0;0
2020;DOIS IRMAOS;1;1;0;132;3;23;15;4;145;5;40;10;0;0
2020;DOIS IRMAOS DAS MISSOES;0;0;0;12;0;0;0;0;5;1;0;0;0;0
2020;DOIS LAJEADOS;0;0;0;13;0;1;0;0;12;4;2;0;0;0
2020;DOM FELICIANO;2;2;1;89;17;4;5;0;43;11;0;3;1;0
2020;DOM PEDRITO;6;6;1;290;83;18;41;4;199;25;36;46;1;0
2020;DOM PEDRO DE ALCANTARA;1;1;0;12;5;0;3;0;8;3;1;1;0;0
2020;DONA FRANCISCA;0;0;0;16;2;1;2;0;11;7;0;1;0;0
2020;DOUTOR RICARDO;2;2;0;24;1;1;0;0;0;1;0;0;0;0
2020;DR MAURICIO CARDOSO;0;0;0;8;1;2;1;0;9;4;2;6;0;0
2020;ELDORADO DO SUL;8;8;0;273;8;15;166;14;279;42;140;98;0;0
2020;ENCANTADO;5;5;0;130;1;3;17;0;89;8;24;29;0;0
2020;ENCRUZILHADA DO SUL;3;4;0;205;43;26;21;3;63;26;13;15;0;0
2020;ENGENHO VELHO;0;0;0;8;1;0;0;0;4;1;0;0;0;0
2020;ENTRE IJUIS;1;1;0;63;9;2;5;0;19;9;5;5;0;0
2020;ENTRE RIOS DO SUL;0;0;0;31;3;0;0;0;5;3;6;1;0;0
2020;EREBANGO;1;1;0;20;2;4;0;1;6;2;1;3;0;0
2020;ERECHIM;19;19;0;658;8;119;121;7;505;156;175;205;0;0
2020;ERNESTINA;0;0;0;32;10;0;2;1;17;2;13;1;0;0
2020;ERVAL GRANDE;0;0;0;26;7;0;2;2;14;6;3;2;0;0
2020;ERVAL SECO;0;0;0;30;5;1;0;0;10;7;6;1;0;0
2020;ESMERALDA;0;0;0;54;0;0;12;2;9;4;4;7;0;0
2020;ESPERANCA DO SUL;0;0;0;16;2;0;2;0;1;0;0;1;0;0
2020;ESPUMOSO;1;1;0;90;13;7;9;2;45;10;20;21;0;1
2020;ESTACAO;1;1;0;16;0;1;2;0;10;2;9;3;0;0
2020;ESTANCIA VELHA;3;4;0;249;4;52;101;36;352;14;65;25;0;0
2020;ESTEIO;12;12;0;736;3;84;425;46;607;19;29;135;0;0
2020;ESTRELA;9;9;0;191;3;16;34;2;144;19;108;63;0;0
2020;ESTRELA VELHA;0;0;0;17;1;0;2;0;1;2;0;1;0;0
2020;EUGENIO DE CASTRO;0;0;0;5;3;0;0;0;3;0;0;0;0;0
2020;FAGUNDES VARELA;0;0;0;4;1;0;0;0;4;1;0;0;0;0
2020;FARROUPILHA;18;18;1;468;9;73;121;50;488;33;131;67;1;0
2020;FAXINAL DO SOTURNO;0;0;0;45;6;1;2;0;18;4;1;6;0;0
2020;FAXINALZINHO;0;0;0;11;3;3;2;0;3;2;0;0;0;0
2020;FAZENDA VILA NOVA;0;0;0;56;16;8;11;4;11;3;34;7;0;0
2020;FELIZ;0;0;1;37;0;4;13;0;71;2;35;11;1;0
2020;FLORES DA CUNHA;5;5;0;185;6;27;54;15;174;15;17;16;0;0
2020;FLORIANO PEIXOTO;0;0;0;6;1;1;1;0;3;2;1;0;0;0
2020;FONTOURA XAVIER;6;6;0;99;15;8;5;1;10;25;4;6;0;0
2020;FORMIGUEIRO;0;0;0;62;17;2;0;0;23;8;3;6;0;0
2020;FORQUETINHA;0;0;0;11;1;0;0;0;3;0;4;0;0;0
2020;FORTALEZA DOS VALOS;1;1;0;25;6;1;2;0;19;2;2;0;0;0
2020;FREDERICO WESTPHALEN;6;6;0;202;15;5;22;1;157;15;196;56;0;0
2020;GARIBALDI;8;9;0;136;3;28;21;9;168;14;20;23;0;0
2020;GARRUCHOS;0;0;0;28;19;0;0;0;7;1;0;0;0;0
2020;GAURAMA;0;0;0;16;0;0;0;0;12;2;4;0;0;0
2020;GENERAL CAMARA;1;1;0;129;18;0;7;0;21;5;5;4;0;0
2020;GENTIL;1;1;0;21;11;2;0;0;1;1;0;0;0;0
2020;GETULIO VARGAS;1;1;0;57;0;2;11;0;63;14;40;51;0;0
2020;GIRUA;2;2;0;96;6;4;9;0;44;7;16;27;0;0
2020;GLORINHA;0;0;0;60;6;3;2;1;23;2;8;4;0;0
2020;GRAMADO;3;3;2;257;1;13;10;4;329;10;56;71;2;0
2020;GRAMADO DOS LOUREIROS;1;1;0;4;2;0;1;0;8;5;0;0;0;0
2020;GRAMADO XAVIER;0;0;0;18;2;1;0;0;10;4;1;1;0;0
2020;GRAVATAI;49;52;3;1599;50;313;1453;292;1674;91;154;362;3;0
2020;GUABIJU;0;0;0;5;4;0;0;0;0;3;0;0;0;0
2020;GUAIBA;16;17;0;438;11;48;317;19;440;50;643;206;0;0
2020;GUAPORE;4;4;1;101;4;7;12;2;149;12;85;71;1;0
2020;GUARANI DAS MISSOES;2;2;0;76;8;3;4;0;15;2;5;1;0;0
2020;HARMONIA;1;1;0;11;0;0;2;0;12;2;10;3;0;0
2020;HERVAL;1;1;0;88;57;1;5;0;14;15;10;3;0;0
2020;HERVEIRAS;0;0;0;15;0;1;2;0;3;2;1;0;0;0
2020;HORIZONTINA;1;1;0;101;3;3;2;0;62;6;99;26;0;0
2020;HULHA NEGRA;0;0;0;37;18;1;1;0;11;0;2;0;0;0
2020;HUMAITA;1;1;0;4;1;1;2;0;11;2;3;4;0;0
2020;IBARAMA;0;0;0;29;4;5;3;0;6;7;1;1;0;0
2020;IBIACA;0;0;0;56;10;2;0;0;6;1;1;1;0;0
2020;IBIRAIARAS;2;2;0;24;6;1;0;1;43;3;1;0;0;0
2020;IBIRAPUITA;0;0;0;20;9;0;3;0;6;11;3;2;0;0
2020;IBIRUBA;1;1;1;97;6;12;4;1;209;5;19;10;1;0
2020;IGREJINHA;0;0;0;225;3;18;33;8;159;20;82;49;0;0
2020;IJUI;17;19;1;832;13;24;58;5;421;77;86;187;1;0
2020;ILOPOLIS;0;0;0;35;2;1;3;0;16;6;6;1;0;0
2020;IMBE;8;11;0;548;4;33;91;6;160;17;64;60;0;0
2020;IMIGRANTE;0;0;0;2;0;0;1;0;8;0;1;0;0;0
2020;INDEPENDENCIA;0;0;1;51;7;1;1;0;7;3;7;9;1;0
2020;INHACORA;0;0;0;4;0;0;0;0;2;0;2;0;0;0
2020;IPE;1;1;0;43;7;2;4;1;46;4;7;5;0;0
2020;IPIRANGA DO SUL;0;0;0;2;1;0;0;0;4;0;0;0;0;0
2020;IRAI;2;2;0;66;11;4;8;1;32;11;15;7;0;0
2020;ITAARA;1;1;0;45;10;3;7;1;20;10;3;4;0;0
2020;ITACURUBI;2;2;0;33;19;0;0;0;6;6;0;0;0;0
2020;ITAPUCA;2;2;0;20;4;0;0;0;3;4;1;0;0;0
2020;ITAQUI;4;4;0;304;43;9;48;1;121;24;15;14;0;0
2020;ITATI;1;1;0;8;3;0;4;1;6;4;0;0;0;0
2020;ITATIBA DO SUL;0;0;0;4;0;0;0;0;4;1;1;0;0;0
2020;IVORA;0;0;0;12;6;1;0;0;5;6;0;0;0;0
2020;IVOTI;1;1;0;95;0;18;11;5;145;1;24;7;0;0
2020;JABOTICABA;1;1;0;16;9;3;0;0;14;7;3;0;0;0
2020;JACUIZINHO;0;0;0;4;1;0;0;0;2;2;0;0;0;0
2020;JACUTINGA;0;0;0;6;0;1;1;0;3;1;3;0;0;0
2020;JAGUARAO;5;7;0;442;34;13;55;0;88;12;24;45;0;0
2020;JAGUARI;1;1;0;81;29;1;6;0;27;2;3;10;0;0
2020;JAQUIRANA;1;1;0;39;18;1;0;1;10;5;2;4;0;0
2020;JARI;0;0;0;23;11;1;1;0;3;5;1;0;0;0
2020;JOIA;0;0;0;33;7;2;2;0;9;5;1;1;0;0
2020;JULIO DE CASTILHOS;2;2;0;155;28;3;5;1;68;8;46;11;0;0
2020;LAGOA BONITA DO SUL;0;0;1;14;2;1;1;0;5;4;0;0;1;0
2020;LAGOA DOS TRES CANTOS;0;0;0;5;0;0;3;0;3;0;1;3;0;0
2020;LAGOA VERMELHA;8;8;0;327;33;14;24;0;215;41;58;54;0;0
2020;LAGOAO;3;3;0;40;29;0;2;0;7;5;1;1;0;0
2020;LAJEADO;18;18;0;482;4;89;99;19;569;45;61;90;0;0
2020;LAJEADO DO BUGRE;0;0;0;4;0;0;0;0;3;10;3;1;0;0
2020;LAVRAS DO SUL;1;1;0;42;16;1;2;0;20;2;4;7;0;0
2020;LIBERATO SALZANO;0;0;0;14;2;1;0;0;2;8;3;1;0;0
2020;LINDOLFO COLLOR;0;0;0;16;0;3;4;3;17;2;13;1;0;0
2020;LINHA NOVA;0;0;0;3;0;0;0;0;8;0;3;0;0;0
2020;MACAMBARA;0;0;0;61;28;1;1;0;3;5;2;0;0;0
2020;MACHADINHO;0;0;0;35;4;1;2;0;8;1;0;1;0;0
2020;MAMPITUBA;1;1;0;4;0;1;0;0;4;1;0;1;0;0
2020;MANOEL VIANA;0;0;0;38;14;0;2;0;33;7;11;2;0;0
2020;MAQUINE;0;0;0;61;14;0;1;2;14;6;6;13;0;0
2020;MARATA;0;0;0;3;0;2;2;0;4;1;0;0;0;0
2020;MARAU;5;5;0;366;16;40;27;6;398;29;57;12;0;0
2020;MARCELINO RAMOS;0;0;0;8;2;0;2;0;13;7;8;1;0;0
2020;MARIANA PIMENTEL;2;2;0;33;7;0;3;1;11;2;1;2;0;0
2020;MARIANO MORO;0;0;0;4;1;0;0;0;0;2;1;0;0;0
2020;MARQUES DE SOUZA;0;0;0;32;3;2;5;0;9;4;4;3;0;0
2020;MATA;0;0;0;47;31;1;1;0;17;8;3;0;0;0
2020;MATO CASTELHANO;0;0;0;43;2;0;3;0;18;3;1;1;0;0
2020;MATO LEITAO;0;0;0;25;4;2;0;0;9;0;4;0;0;0
2020;MATO QUEIMADO;0;0;0;2;1;0;0;0;4;1;0;0;0;0
2020;MAXIMILIANO DE ALMEIDA;0;0;0;18;3;0;0;0;7;2;7;0;0;0
2020;MINAS DO LEAO;1;1;0;49;6;2;3;1;10;3;18;11;0;1
2020;MIRAGUAI;0;0;0;35;6;7;8;2;6;2;1;3;0;0
2020;MONTAURI;0;0;0;10;4;0;0;0;2;3;0;0;0;0
2020;MONTE ALEGRE DOS CAMPOS;0;0;0;26;11;1;4;0;2;3;1;0;0;0
2020;MONTE BELO DO SUL;0;0;0;14;1;1;1;0;2;1;2;0;0;0
2020;MONTENEGRO;4;4;1;619;12;33;107;10;364;22;336;211;1;0
2020;MORMACO;0;0;0;20;5;0;1;0;3;1;0;0;0;0
2020;MORRINHOS DO SUL;1;1;0;4;1;5;1;0;8;1;0;0;0;0
2020;MORRO REDONDO;0;0;0;67;14;2;4;0;9;6;2;1;0;0
2020;MORRO REUTER;0;0;0;25;0;5;1;1;23;4;11;1;0;0
2020;MOSTARDAS;6;6;0;154;51;1;4;4;41;13;4;2;0;0
2020;MUCUM;1;1;0;17;0;2;1;2;14;1;16;6;0;0
2020;MUITOS CAPOES;0;0;0;25;8;2;2;0;7;7;0;0;0;0
2020;MULITERNO;0;0;0;7;2;1;0;0;6;0;0;0;0;0
2020;NAO-ME-TOQUE;0;0;0;50;3;9;24;4;79;10;14;34;0;0
2020;NICOLAU VERGUEIRO;0;0;0;12;7;1;0;0;5;3;2;1;0;0
2020;NONOAI;9;9;0;51;6;4;3;3;34;5;21;5;0;0
2020;NOVA ALVORADA;1;1;0;32;8;1;39;0;27;1;2;0;0;0
2020;NOVA ARACA;0;0;0;15;0;2;2;0;8;2;2;1;0;0
2020;NOVA BASSANO;1;1;0;43;0;4;3;1;24;4;12;2;0;0
2020;NOVA BOA VISTA;0;0;0;8;3;0;0;0;7;0;0;0;0;0
2020;NOVA BRESCIA;0;0;0;19;3;0;0;0;10;0;4;0;0;0
2020;NOVA CANDELARIA;0;0;0;3;1;0;0;0;4;0;0;0;0;0
2020;NOVA ESPERANCA DO SUL;0;0;0;11;3;0;0;0;12;3;4;1;0;0
2020;NOVA HARTZ;3;3;0;78;4;8;14;7;151;3;33;8;0;0
2020;NOVA PADUA;0;0;0;8;0;1;0;2;7;1;1;0;0;0
2020;NOVA PALMA;2;2;0;51;26;0;2;0;21;0;2;1;0;0
2020;NOVA PETROPOLIS;1;1;0;83;1;4;7;0;123;5;32;24;0;0
2020;NOVA PRATA;4;4;0;88;4;7;7;0;118;9;54;32;0;0
2020;NOVA RAMADA;0;0;0;14;5;0;0;0;1;1;0;0;0;0
2020;NOVA ROMA DO SUL;0;0;0;13;1;0;1;0;13;2;2;0;0;0
2020;NOVA SANTA RITA;3;4;0;154;12;30;45;12;205;15;35;15;0;0
2020;NOVO BARREIRO;0;0;0;14;2;2;4;1;3;3;0;1;0;0
2020;NOVO CABRAIS;0;0;0;23;2;2;1;0;14;1;3;0;0;0
2020;NOVO HAMBURGO;28;29;0;2371;16;371;1245;436;1428;117;376;336;0;1
2020;NOVO MACHADO;0;0;0;9;5;1;1;0;5;8;0;2;0;0
2020;NOVO TIRADENTES;0;0;0;7;2;0;1;0;3;1;1;1;0;0
2020;NOVO XINGU;0;0;0;7;2;0;0;0;2;3;0;0;0;0
2020;OSORIO;10;10;0;535;14;42;84;17;309;25;119;197;0;0
2020;PAIM FILHO;2;2;0;20;6;1;0;0;9;2;0;1;0;0
2020;PALMARES DO SUL;4;4;0;165;27;6;33;7;37;7;20;17;0;0
2020;PALMEIRA DAS MISSOES;4;5;0;256;13;13;29;4;167;30;33;14;0;0
2020;PALMITINHO;1;1;0;27;1;4;2;0;16;3;8;2;0;0
2020;PANAMBI;3;3;0;184;14;21;28;5;238;20;18;27;0;0
2020;PANTANO GRANDE;1;1;0;59;11;0;9;3;33;5;26;7;0;0
2020;PARAI;3;3;0;25;4;1;1;0;24;3;6;4;0;0
2020;PARAISO DO SUL;0;0;0;39;4;3;1;1;3;2;1;1;0;0
2020;PARECI NOVO;0;0;0;21;1;2;2;0;13;1;1;1;0;0
2020;PAROBE;7;8;1;301;8;62;109;37;171;36;55;46;1;0
2020;PASSA SETE;1;1;0;54;21;0;2;1;6;1;0;1;0;0
2020;PASSO DO SOBRADO;0;0;0;59;15;2;4;0;9;1;0;0;0;0
2020;PASSO FUNDO;27;29;2;1644;14;194;572;53;1287;154;301;332;2;0
2020;PAULO BENTO;1;1;0;8;1;0;0;0;0;1;3;0;0;0
2020;PAVERAMA;0;0;0;35;9;4;6;3;18;2;7;8;0;0
2020;PEDRAS ALTAS;0;0;0;59;37;0;1;0;2;2;0;0;0;0
2020;PEDRO OSORIO;0;0;0;59;11;1;5;0;14;7;13;2;0;0
2020;PEJUCARA;0;0;0;31;7;2;3;1;10;3;1;1;0;0
2020;PELOTAS;26;29;1;2311;44;214;1296;89;1943;162;210;463;1;0
2020;PICADA CAFE;0;0;0;7;0;0;1;0;30;0;8;0;0;0
2020;PINHAL;1;1;0;10;3;0;0;0;8;2;1;0;0;0
2020;PINHAL DA SERRA;0;0;0;15;5;1;0;0;4;6;0;2;0;0
2020;PINHAL GRANDE;0;0;0;21;11;3;1;0;4;1;0;1;0;0
2020;PINHEIRINHO DO VALE;1;1;0;16;0;1;2;0;4;4;4;2;0;0
2020;PINHEIRO MACHADO;1;1;0;94;42;3;7;0;43;6;6;16;0;0
2020;PINTO BANDEIRA;0;0;0;11;4;1;0;0;12;1;1;0;0;0
2020;PIRAPO;0;0;0;17;12;0;0;0;1;3;0;0;0;0
2020;PIRATINI;5;6;0;162;55;14;18;2;39;15;22;9;0;0
2020;PLANALTO;6;6;0;33;5;1;3;0;12;6;17;7;0;0
2020;POCO DAS ANTAS;0;0;0;4;0;1;1;0;9;0;1;0;0;0
2020;PONTAO;0;0;0;25;2;1;2;1;12;11;0;1;0;0
2020;PONTE PRETA;0;0;0;1;0;0;0;0;0;0;0;0;0;0
2020;PORTAO;3;3;1;199;11;43;119;40;253;9;24;24;1;1
2020;PORTO ALEGRE;253;273;9;17522;37;1875;19471;3339;14840;654;1421;2428;9;5
2020;PORTO LUCENA;1;1;0;20;1;1;0;1;5;1;1;0;0;0
2020;PORTO MAUA;0;0;0;19;3;0;0;0;3;1;1;1;0;0
2020;PORTO VERA CRUZ;0;0;0;10;6;0;2;0;2;0;0;2;0;0
2020;PORTO XAVIER;1;1;0;70;7;8;4;0;21;13;20;10;0;0
2020;POUSO NOVO;0;0;0;25;5;0;3;2;3;1;1;0;0;0
2020;PRESIDENTE LUCENA;0;0;0;7;0;1;0;0;10;0;2;1;0;0
2020;PROGRESSO;1;1;0;18;6;1;1;0;5;6;6;5;0;0
2020;PROTASIO ALVES;0;0;0;4;0;2;0;0;3;2;1;0;0;0
2020;PUTINGA;0;0;0;9;1;0;1;0;9;7;1;1;0;1
2020;QUARAI;4;4;0;232;40;12;21;0;51;14;26;18;0;0
2020;QUATRO IRMAOS;0;0;0;3;0;0;0;0;1;1;1;0;0;0
2020;QUEVEDOS;1;1;0;25;16;0;5;0;3;3;0;0;0;0
2020;QUINZE DE NOVEMBRO;0;0;0;25;2;0;0;0;5;1;1;1;0;0
2020;REDENTORA;1;1;0;27;2;7;2;5;10;20;3;5;0;0
2020;RELVADO;0;0;0;21;2;1;0;0;2;0;0;0;0;0
2020;RESTINGA SECA;3;3;0;105;16;6;16;0;46;16;10;10;0;0
2020;RIO DOS INDIOS;0;0;0;22;6;0;0;1;4;0;0;0;0;0
2020;RIO GRANDE;34;34;4;2046;83;139;1365;64;1065;120;175;387;4;1
2020;RIO PARDO;18;18;0;244;37;13;23;1;129;16;46;77;0;0
2020;RIOZINHO;0;0;0;20;0;0;1;0;9;7;1;0;0;0
2020;ROCA SALES;1;1;0;84;1;3;8;1;57;4;16;6;0;0
2020;RODEIO BONITO;3;3;0;15;2;4;1;0;22;1;17;5;0;0
2020;ROLADOR;0;0;0;7;4;0;0;0;6;2;4;2;0;0
2020;ROLANTE;3;3;0;63;4;2;9;1;68;8;15;0;0;0
2020;RONDA ALTA;0;0;0;27;1;6;1;3;31;4;2;3;0;0
2020;RONDINHA;0;0;0;32;4;0;0;1;8;1;1;0;0;0
2020;ROQUE GONZALES;0;0;0;37;12;1;0;1;6;11;14;5;0;0
2020;ROSARIO DO SUL;4;4;0;199;47;12;17;1;110;19;48;87;0;0
2020;SAGRADA FAMILIA;2;2;0;7;1;1;1;1;4;3;3;0;0;0
2020;SALDANHA MARINHO;0;0;0;13;3;3;6;3;12;2;1;1;0;0
2020;SALTO DO JACUI;0;0;2;126;7;6;10;2;211;12;14;3;2;0
2020;SALVADOR DAS MISSOES;0;0;0;9;5;2;0;0;6;3;1;1;0;0
2020;SALVADOR DO SUL;0;0;0;30;0;5;4;1;23;2;10;2;0;0
2020;SANANDUVA;1;1;0;70;3;4;9;3;63;7;9;7;0;0
2020;SANTA BARBARA DO SUL;0;0;0;68;5;8;7;4;28;20;8;4;0;0
2020;SANTA CECILIA DO SUL;0;0;0;13;5;2;0;0;6;1;3;0;0;0
2020;SANTA CLARA DO SUL;0;0;0;26;4;1;1;0;16;1;1;1;0;0
2020;SANTA CRUZ DO SUL;28;28;0;967;22;116;183;13;759;48;81;167;0;0
2020;SANTA MARGARIDA DO SUL;0;0;0;30;16;0;0;0;3;9;0;0;0;0
2020;SANTA MARIA;41;43;4;2934;68;207;770;29;1944;227;328;431;4;0
2020;SANTA MARIA DO HERVAL;1;1;0;21;0;2;1;0;16;0;0;0;0;0
2020;SANTA ROSA;3;4;1;526;11;32;27;5;358;42;163;159;1;0
2020;SANTA TEREZA;0;0;0;1;0;0;0;0;0;0;0;0;0;0
2020;SANTA VITORIA DO PALMAR;2;2;0;471;60;24;68;3;75;15;32;51;0;0
2020;SANTANA DA BOA VISTA;1;1;0;54;6;1;2;0;13;7;8;1;0;0
2020;SANTANA DO LIVRAMENTO;11;11;2;906;174;51;69;5;314;43;189;45;2;0
2020;SANTIAGO;1;2;0;299;42;4;19;0;209;33;204;110;0;1
2020;SANTO ANGELO;7;8;1;794;61;49;99;1;337;60;136;140;1;1
2020;SANTO ANTONIO DA PATRULHA;6;7;0;324;27;25;51;11;162;20;60;62;0;0
2020;SANTO ANTONIO DAS MISSOES;1;1;0;76;18;1;4;1;13;11;33;9;0;0
2020;SANTO ANTONIO DO PALMA;0;0;0;10;0;0;0;0;7;1;2;0;0;0
2020;SANTO ANTONIO DO PLANALTO;0;0;0;7;0;1;1;0;12;4;0;0;0;0
2020;SANTO AUGUSTO;1;1;0;82;10;14;3;1;32;7;23;16;0;0
2020;SANTO CRISTO;0;0;0;25;2;4;1;0;24;6;14;9;0;0
2020;SANTO EXPEDITO DO SUL;0;0;0;4;2;0;1;0;5;7;1;0;0;0
2020;SAO BORJA;7;7;0;534;83;28;60;1;256;23;40;54;0;0
2020;SAO DOMINGOS DO SUL;0;0;0;10;3;0;1;0;11;0;1;0;0;0
2020;SAO FRANCISCO DE ASSIS;0;0;0;134;31;4;3;0;77;12;27;29;0;0
2020;SAO FRANCISCO DE PAULA;2;2;0;324;64;7;19;4;93;24;18;22;0;0
2020;SAO GABRIEL;5;5;0;657;97;14;69;2;149;61;76;200;0;1
2020;SAO JERONIMO;0;0;0;200;15;11;22;1;64;10;72;47;0;0
2020;SAO JOAO DA URTIGA;0;0;0;10;6;0;1;0;8;4;0;0;0;0
2020;SAO JOAO DO POLESINE;0;0;1;16;2;0;0;0;22;2;0;1;1;0
2020;SAO JORGE;0;0;0;8;2;0;0;0;8;2;0;0;0;0
2020;SAO JOSE DAS MISSOES;0;0;0;14;2;2;0;0;3;2;0;0;0;0
2020;SAO JOSE DO HERVAL;0;0;0;25;6;1;2;0;4;4;1;0;0;0
2020;SAO JOSE DO HORTENCIO;0;0;0;17;2;0;3;0;15;0;6;1;0;0
2020;SAO JOSE DO INHACORA;0;0;0;4;1;1;0;0;4;1;0;0;0;0
2020;SAO JOSE DO NORTE;7;7;0;190;32;3;37;1;28;10;19;17;0;0
2020;SAO JOSE DO OURO;1;1;0;18;4;2;0;0;16;4;3;0;0;0
2020;SAO JOSE DO SUL;0;0;0;7;1;1;1;1;8;0;1;0;0;0
2020;SAO JOSE DOS AUSENTES;1;1;0;12;4;3;0;0;4;4;8;1;0;0
2020;SAO LEOPOLDO;42;47;1;2151;18;402;1366;383;1458;85;211;478;1;0
2020;SAO LOURENCO DO SUL;1;1;0;211;26;2;23;0;136;16;163;36;0;0
2020;SAO LUIZ GONZAGA;6;6;0;320;33;19;23;0;65;31;121;68;0;0
2020;SAO MARCOS;7;7;0;88;6;13;14;2;121;16;27;18;0;0
2020;SAO MARTINHO;0;0;0;26;0;0;2;1;7;0;5;2;0;0
2020;SAO MARTINHO DA SERRA;0;0;0;48;29;1;2;0;7;1;0;0;0;0
2020;SAO MIGUEL DAS MISSOES;1;1;0;43;18;0;2;0;15;10;1;0;0;0
2020;SAO NICOLAU;0;0;0;38;23;2;2;0;1;8;1;1;0;0
2020;SAO PAULO DAS MISSOES;0;0;0;10;3;1;0;0;10;3;0;0;0;0
2020;SAO PEDRO DA SERRA;0;0;0;8;0;1;3;0;14;2;14;1;0;0
2020;SAO PEDRO DAS MISSOES;0;0;0;11;2;0;0;0;6;6;0;0;0;0
2020;SAO PEDRO DO BUTIA;0;0;0;8;0;1;3;0;6;0;0;0;0;0
2020;SAO PEDRO DO SUL;1;1;0;217;103;0;12;2;42;20;23;13;0;0
2020;SAO SEBASTIAO DO CAI;2;2;0;167;5;24;46;2;101;12;187;43;0;0
2020;SAO SEPE;2;2;1;189;26;6;30;0;65;15;38;52;1;0
2020;SAO VALENTIM;0;0;0;6;0;0;1;0;13;2;3;1;0;0
2020;SAO VALENTIM DO SUL;1;1;0;10;2;1;0;1;7;0;3;0;0;0
2020;SAO VALERIO DO SUL;0;0;0;4;0;1;0;0;0;3;0;0;0;0
2020;SAO VENDELINO;0;0;0;3;0;1;2;2;9;0;2;0;0;0
2020;SAO VICENTE DO SUL;0;0;0;74;35;1;0;1;10;5;16;14;0;0
2020;SAPIRANGA;8;8;1;489;4;124;210;31;398;24;111;63;1;0
2020;SAPUCAIA DO SUL;22;22;0;877;14;147;760;169;731;37;199;276;0;0
2020;SARANDI;2;2;0;189;8;3;24;1;67;10;26;24;0;0
2020;SEBERI;1;1;0;35;3;3;7;0;41;14;14;19;0;0
2020;SEDE NOVA;0;0;0;5;1;0;0;0;6;4;0;0;0;0
2020;SEGREDO;1;2;1;50;20;5;5;0;6;4;0;1;1;0
2020;SELBACH;0;0;0;17;0;0;0;0;14;2;7;1;0;0
2020;SENADOR SALGADO FILHO;1;1;0;14;3;0;1;0;6;3;3;0;0;0
2020;SENTINELA DO SUL;0;0;0;55;12;4;3;4;7;4;3;2;0;0
2020;SERAFINA CORREA;1;1;0;44;1;4;5;0;60;6;44;9;0;0
2020;SERIO;0;0;0;18;3;0;1;0;3;0;1;0;0;0
2020;SERTAO;0;0;0;30;3;2;0;2;12;3;1;1;0;0
2020;SERTAO SANTANA;0;0;0;51;5;4;6;4;32;2;7;1;0;0
2020;SETE DE SETEMBRO;0;0;0;12;6;1;1;0;1;0;0;0;0;0
2020;SEVERIANO DE ALMEIDA;0;0;0;17;1;1;1;0;13;4;5;0;0;0
2020;SILVEIRA MARTINS;0;0;0;20;5;0;0;0;7;1;0;0;0;0
2020;SINIMBU;3;3;0;36;2;5;2;0;17;2;0;0;0;0
2020;SOBRADINHO;2;2;0;171;24;5;8;1;32;12;15;37;0;0
2020;SOLEDADE;6;7;0;555;98;20;31;3;83;33;65;51;0;0
2020;TABAI;0;0;0;26;3;2;3;2;7;0;1;3;0;0
2020;TAPEJARA;3;3;0;189;4;10;26;7;119;6;58;6;0;0
2020;TAPERA;0;0;0;35;0;1;5;0;29;9;10;27;0;0
2020;TAPES;6;6;0;139;15;9;13;3;48;10;26;29;0;0
2020;TAQUARA;8;8;0;393;18;52;70;43;228;22;74;64;0;0
2020;TAQUARI;3;3;0;145;17;5;8;2;127;7;83;16;0;0
2020;TAQUARUCU DO SUL;1;1;0;17;5;2;0;0;3;2;1;0;0;0
2020;TAVARES;4;5;0;43;19;4;2;1;16;3;6;4;0;0
2020;TENENTE PORTELA;1;1;0;77;13;19;11;0;52;9;12;8;0;0
2020;TERRA DE AREIA;0;0;0;97;10;7;6;3;29;4;4;18;0;1
2020;TEUTONIA;1;1;0;97;0;12;25;3;193;7;50;26;0;0
2020;TIO HUGO;0;0;0;29;5;2;1;0;7;6;2;6;0;0
2020;TIRADENTES DO SUL;1;1;0;15;5;2;4;0;7;0;2;4;0;0
2020;TOROPI;0;0;0;28;16;0;0;0;0;0;2;1;0;0
2020;TORRES;6;6;0;454;12;42;91;14;530;12;90;101;0;1
2020;TRAMANDAI;11;11;0;1520;5;129;237;16;573;25;85;137;0;0
2020;TRAVESSEIRO;0;0;0;7;0;1;1;0;2;1;0;0;0;0
2020;TRES ARROIOS;0;0;0;11;2;0;0;0;4;0;0;0;0;0
2020;TRES CACHOEIRAS;0;0;0;41;1;8;3;0;60;2;9;3;0;0
2020;TRES COROAS;1;1;0;180;6;13;14;0;57;9;41;24;0;0
2020;TRES DE MAIO;2;2;0;109;2;11;9;1;83;12;43;43;0;0
2020;TRES FORQUILHAS;0;0;0;18;7;1;2;0;6;2;1;1;0;0
2020;TRES PALMEIRAS;0;0;0;22;4;0;1;0;7;4;4;0;0;0
2020;TRES PASSOS;4;4;0;97;6;9;10;0;78;8;31;57;0;0
2020;TRINDADE DO SUL;2;2;0;46;13;4;2;2;16;6;23;5;0;0
2020;TRIUNFO;8;8;0;166;14;11;27;10;95;14;33;36;0;0
2020;TUCUNDUVA;0;0;0;32;2;2;1;0;21;4;4;5;0;0
2020;TUNAS;0;0;0;8;5;0;0;0;7;4;1;0;0;0
2020;TUPANCI DO SUL;1;1;0;10;4;0;1;0;1;2;0;0;0;0
2020;TUPANCIRETA;2;2;0;174;18;6;23;1;33;13;17;7;0;0
2020;TUPANDI;0;0;0;9;1;1;0;0;17;0;4;3;0;0
2020;TUPARENDI;0;0;0;29;4;3;2;0;19;1;1;2;0;0
2020;TURUCU;0;0;0;24;1;1;1;0;6;2;4;1;0;0
2020;UBIRETAMA;0;0;0;5;0;0;0;0;3;2;0;0;0;0
2020;UNIAO DA SERRA;0;0;0;7;2;0;1;0;0;3;0;0;0;0
2020;UNISTALDA;0;0;0;15;9;0;0;0;3;2;1;1;0;0
2020;URUGUAIANA;19;19;0;1095;77;50;420;9;656;79;186;200;0;0
2020;VACARIA;13;13;0;890;27;55;154;4;350;66;147;71;0;0
2020;VALE DO SOL;0;0;0;56;4;4;9;2;35;2;0;2;0;0
2020;VALE REAL;0;0;0;7;0;1;1;0;19;1;7;1;0;0
2020;VALE VERDE;1;3;0;23;9;2;1;3;3;1;0;0;0;0
2020;VANINI;1;1;0;4;0;0;0;0;6;0;8;1;0;0
2020;VENANCIO AIRES;12;13;1;547;26;23;81;10;229;23;69;72;1;0
2020;VERA CRUZ;2;2;0;215;10;15;19;4;105;4;12;2;0;0
2020;VERANOPOLIS;6;6;0;113;5;11;5;1;76;15;69;42;0;0
2020;VESPASIANO CORREA;0;0;0;19;0;1;1;1;3;0;0;0;0;0
2020;VIADUTOS;0;0;0;51;1;2;0;0;12;1;2;1;0;0
2020;VIAMAO;83;89;2;1352;54;174;2615;575;1182;111;92;380;2;2
2020;VICENTE DUTRA;0;0;0;30;4;2;1;1;2;7;2;6;0;0
2020;VICTOR GRAEFF;0;0;0;16;1;1;7;0;4;0;1;0;0;0
2020;VILA FLORES;0;0;0;16;2;1;4;0;3;1;2;1;0;0
2020;VILA LANGARO;0;0;0;7;2;1;1;0;5;0;0;0;0;0
2020;VILA MARIA;0;0;0;25;3;3;3;0;19;2;2;0;0;0
2020;VILA NOVA DO SUL;1;1;0;37;15;2;1;0;11;3;4;2;0;0
2020;VISTA ALEGRE;0;0;0;8;2;0;3;1;5;1;1;0;0;0
2020;VISTA ALEGRE DO PRATA;0;0;0;5;0;0;1;1;3;1;1;0;0;0
2020;VISTA GAUCHA;0;0;0;5;0;0;1;0;4;2;1;3;0;0
2020;VITORIA DAS MISSOES;0;0;0;16;5;0;0;0;1;4;0;1;0;0
2020;WESTFALIA;0;0;0;20;2;0;3;0;11;0;1;1;0;0
2020;XANGRI-LA;4;4;0;958;4;14;62;5;141;12;26;33;0;0
